<?xml version="1.0" encoding="UTF-8"?>
<!DOCTYPE QtCreatorCodeStyle>
<!-- Written by Qt Creator 2.4.0, 2011-12-15T13:08:10. -->
<qtcreator>
 <data>
  <variable>CodeStyleData</variable>
  <valuemap type="QVariantMap">
   <value type="bool" key="AlignAssignments">false</value>
   <value type="bool" key="AutoSpacesForTabs">false</value>
   <value type="bool" key="ExtraPaddingForConditionsIfConfusingAlign">true</value>
   <value type="bool" key="IndentAccessSpecifiers">false</value>
   <value type="bool" key="IndentBlockBody">true</value>
   <value type="bool" key="IndentBlockBraces">false</value>
   <value type="bool" key="IndentBlocksRelativeToSwitchLabels">false</value>
   <value type="bool" key="IndentClassBraces">false</value>
   <value type="bool" key="IndentControlFlowRelativeToSwitchLabels">true</value>
   <value type="bool" key="IndentDeclarationsRelativeToAccessSpecifiers">true</value>
   <value type="bool" key="IndentEnumBraces">false</value>
   <value type="bool" key="IndentFunctionBody">true</value>
   <value type="bool" key="IndentFunctionBraces">false</value>
   <value type="bool" key="IndentNamespaceBody">false</value>
   <value type="bool" key="IndentNamespaceBraces">false</value>
   <value type="int" key="IndentSize">2</value>
   <value type="bool" key="IndentStatementsRelativeToSwitchLabels">true</value>
   <value type="bool" key="IndentSwitchLabels">false</value>
   <value type="int" key="PaddingMode">1</value>
   <value type="bool" key="SpacesForTabs">true</value>
   <value type="int" key="TabSize">8</value>
  </valuemap>
 </data>
 <data>
  <variable>DisplayName</variable>
  <value type="QString">ScaViSLAM</value>
 </data>
</qtcreator>
